"職缺內容","公司名稱","工作內容","地址","薪資","網址"
"系統分析師(System Analyst)","海棠設計股份有限公司","我們希望可以找到一位擁有系統整合規劃落地經驗的系統分析師，除了重視技術驗證經驗，也需擅長溝通，期待你的加入。

工作內容：
1. 同PM確認客製化規格、釐清客戶需求，並進行系統分析作業
2. 與客戶端的IT人員溝通，釐清雙方系統整合上的開發細節
3. 同UX設計師確認Wireframe流程，評估系統開發可行性
4. 提供系統主流程邏輯分析、相關流程所需輸出、入資料欄位規則與驗證、具體分析資料來源
5. 資料庫之資料表設計
6. 第三方系統串接設計、評估
7. 撰寫系統分析文件
8. 撰寫API說明文件
9. 撰寫測試案例，安排測試人員進行逐步測試，確保成品符合規格
10.與工程人員說明系統規劃內容以確保落地實現與規劃相符
11.評估開發人力工時

必備條件：
1. 熟悉.NET Core系統，並且具備跨平台實作經驗
2. 熟悉MSSQL資料庫設計
3. 孰悉Windows Server作業系統相關設定
4. 熟悉Restful API架構
5. 具備系統分析文件之撰寫經驗
6. 具備資安相關基礎知識
7. 良好的溝通能力與團隊協作能力","台北市中山區","月薪50,000元以上","=HYPERLINK(""http:////www.104.com.tw/job/6so54?jobsource=hotjob_chr"")"
"5I新光投信-資深應用程式設計師","新光金融控股股份有限公司(新光金控/新光人壽/新光銀行/新光投信)","主要工作項目
1.投信基金事務系統維運與需求開發
2.境外基金系統維運
3.主管交辦之專案管理及開發
4.小組職務代理
本公司使用博暉科技之系統，熟悉博暉系統架構者尤佳。
若熟悉投信基金會計系統、投資管理系統維運及開發，或對自己C#開發技術有自信、有投信工作經驗者也歡迎應徵！","台北市中山區","無薪資資訊","=HYPERLINK(""http:////www.104.com.tw/job/72ky8?jobsource=hotjob_chr"")"
"【Ocard顧客經營管家】數據/資料工程師 Data Engineer (擴編招募中)","Ocard_奧理科技股份有限公司","整性、可靠性與效能。
● 資料處理與轉換：開發與管理 ETL（Extract, Transform, Load）流程，將資料從多種來源抽取、清洗並轉換成有用的訊息。
● 資料管道建設：設計並實作資料管道，確保資料能夠從來源順利傳送到分析平台。
●","台北市中山區","年薪580,000~845,000元","=HYPERLINK(""http:////www.104.com.tw/job/8ervj?jobsource=n_my104_search"")"
"資料工程師","雅德思行銷顧問有限公司","與喜愛冒險的您一起加入我們雅德思行銷顧問公司!

我們重視每一位夥伴，再創新的過程中我們協助客戶成長也跟著客戶一起成長，我們重視團隊也強調個人的發展與想法，發揮創意也包容他人的想法，是雅德思行銷的文化與DNA。

資料工程師主要工作內容","台北市大安區","月薪48,000元以上","=HYPERLINK(""http:////www.104.com.tw/job/8ep3f?jobsource=n_my104_search"")"
"D4000Y 資料倉儲數據工程師","富邦媒體科技股份有限公司(富邦momo)","我們在尋找具有熱情、創新和技術專業的資料工程師加入我們數據團隊，如果你對數據技術充滿熱情，熱於挑戰和解決各種數據問題，歡迎加入我們。


工作內容:
1. 負責ETL流程開發與維運，確保資料準確性與完整性。
2. 參與資料倉儲的設計、開發、優化和","台北市內湖區","無薪資資訊","=HYPERLINK(""http:////www.104.com.tw/job/8a7ae?jobsource=n_my104_search"")"
"資料工程師","廣晉軟體股份有限公司","
需求條件：
1.熟SQL，能獨立作業
2.具二年以上相關經驗

主要工作如下：
1.各項資料盤點與蒐集，並分析其資料流程。
2.資料倉儲 ETL 流程規劃、設計
3.資料品質之監控與管理，及對應機制的建立
4.需求分析、溝通、解決方案建議與技術","台北市內湖區","無薪資資訊","=HYPERLINK(""http:////www.104.com.tw/job/7ltg0?jobsource=n_my104_search"")"
"資料工程師 (Data Engineer)","替您錄科技股份有限公司(TGC Taiwan, Inc.)","我們正在尋找一位熱情且富有才華的資料工程師，加入我們的團隊，協助解決廣告投遞的資料內容。

我們希望你具備以下三大特質：
對資料工程領域有強烈興趣和熱情 。
重視團隊合作，具備良好的溝通能力 。
具有自我學習能力，能夠快速適應新技術。

職責：","台北市松山區","月薪58,000~80,000元","=HYPERLINK(""http:////www.104.com.tw/job/8ekil?jobsource=n_my104_search"")"
"行政管理部-資訊組-資料工程師(資深專員)","國家住宅及都市更新中心","一、負責資料庫及資料倉儲平台規劃、建置及維護，包括(但不限於)委外廠商評估、專案管理。
二、多來源資料攝取，資料存儲、統計及儀表板的委託開發與維護之專案管理。例(但不限於)：
(一)基於住宅數據、租戶行為、財務報表資料，分析數據及行為，產出管理報","台北市中山區","月薪67,000元以上","=HYPERLINK(""http:////www.104.com.tw/job/8cs1j?jobsource=n_my104_search"")"
"資料工程師","松凌科技股份有限公司","需要條件:
1.願意學習保險相關知識
2.對SQL有基本的能力


主要工作如下
1.各項資料盤點與蒐集，並分析其資料流程。
2.資料倉儲 ETL 流程規劃、設計
3.資料品質之監控與管理，及對應機制的建立
4.需求分析、溝通、解決方案建議與技術","台北市中正區","月薪35,000~38,000元","=HYPERLINK(""http:////www.104.com.tw/job/79ccc?jobsource=n_my104_search"")"
"資料倉儲與資料中台經理-- 台北","德昂資訊股份有限公司","接和轉換流程，尤其是從ERP、CRM和HR系統中處理數據。

執行（Do）
1.	監督資料倉儲和資料中台的建設和部署，確保按計劃進行。
2.	實施數據整合、轉換和加載過程（ETL），確保數據質量和實時性。
3.	領導團隊完成數據庫的維護和優化任務，","台北市松山區","年薪1,000,000~2,000,000元","=HYPERLINK(""http:////www.104.com.tw/job/8btam?jobsource=n_my104_search"")"
"資料倉儲工程師 Data Engineer-集團徵才-數據科技 (數數發中心, DDT)_I00016337","國泰金控_國泰金融控股股份有限公司","比起工作內容，你應該要先認識我們的團隊：
我們是一個正在成長的資料科學團隊，在找有熱情、想接受挑戰、能一起攜手成長前進的夥伴

我們需要這樣的人：
1. 對資料工程領域有興趣 - 想朝這個方向發展，探索資料科學專業
2. 重視團隊合作 - 在團隊","台北市大安區","無薪資資訊","=HYPERLINK(""http:////www.104.com.tw/job/88n29?jobsource=n_my104_search"")"
"資料工程師 (BI)","聯合通商電子商務股份有限公司","(本職務主要為技術工作而非單純的數據分析)
1.  商業智慧(BI)專案需求訪談、系統分析並製作系統需求規格書文件
2.  撰寫整合測試計畫書、測試案例、準備測試資料及測試
3.  Metadata 中介層設計、Dashboard、Report設","台北市中山區","無薪資資訊","=HYPERLINK(""http:////www.104.com.tw/job/37tef?jobsource=n_my104_search"")"
"資料工程師 (BI分析)","雄獅資訊科技股份有限公司","1. 資料倉儲維護與優化
　- 內外部資料整合及收集
　- 資料庫預存程序 (SP) 管理及效能調整

2. 資料清理流程維護及優化
　- 工作流程規劃、建置及維護
　- 具 MSBI (MSSQL/SSIS/SSAS/SSRS/","台北市內湖區","月薪35,000~60,000元","=HYPERLINK(""http:////www.104.com.tw/job/3o2f1?jobsource=n_my104_search"")"
"科技部 Senior Data Engineer資料工程師(襄理)","麥當勞授權發展商_和德昌股份有限公司"," Warehouse)，以支援使用單位分析報表和資料應用。
• 開發數據處理程序(ETL)，依據業務邏輯進行數據主題設計、歸納，以支援下游系統數據應用。
• 維護並擴充數據字典(Data Dictionary)，包含業務需求、數據設計規格和數據血緣，以確保","台北市中正區","無薪資資訊","=HYPERLINK(""http:////www.104.com.tw/job/8ecsa?jobsource=n_my104_search"")"
"資料工程師 (DW)","聯合通商電子商務股份有限公司","(本職務主要為技術專長的工作)
1.  資料倉儲系統之程式設計及開發
2.  負責專案之程式開發與測試及Code review；包含撰寫SQL/SP及使用ETL工具對資料進行處理、建置資料倉儲，並進行UT測試，撰寫驗證報告
3.   配合專案需求","台北市中山區","無薪資資訊","=HYPERLINK(""http:////www.104.com.tw/job/74xkx?jobsource=n_my104_search"")"
"資料工程師","數解人意科技股份有限公司","及合作夥伴多元，包括媒體、媒體代理商、整合行銷、公關、品牌、電子商務、影視產業、政府單位、學術機構及跨國企業等。


▋職務內容
1. 讀取與寫入自建之全文搜尋引擎、SQL 資料庫
2. 使用 ETL 管理工具如 Airflow，開發 ETL","台北市中山區","月薪50,000元以上","=HYPERLINK(""http:////www.104.com.tw/job/85lh8?jobsource=n_my104_search"")"
"數據應用部-資料工程人員","永豐商業銀行股份有限公司"," SSIS ETL)
5.專案管理：內外部單位溝通協調、資料導入需求分析確認、技術評估、進度追蹤等
6.資料視覺：Dashboard開發、資料視覺呈現等網頁維護與開發","台北市中山區","無薪資資訊","=HYPERLINK(""http:////www.104.com.tw/job/87mf8?jobsource=n_my104_search"")"
"資料工程師(數據應用部)","永豐金證券股份有限公司","析/資料工程相關二年以上工作經驗尤佳

【恰好有以下特質是加分的】
1. 具較強的溝通協調能力和團隊精神，熱愛程式與數據，喜歡研究新技術
2. 樂意跟同事們一起討論打造創新
3. 對大數據平台建置及程式開發有經驗或興趣者
","台北市中正區","無薪資資訊","=HYPERLINK(""http:////www.104.com.tw/job/8ctxn?jobsource=n_my104_search"")"
"ETL軟體工程師","雙子數位科技有限公司","嗨～～哈囉～

你是本公司要找的ETL資料倉儲高手嗎?
就是你！別懷疑！！徵的就是你～
本公司需要有在ETL數據實務上2-3年以上開發經驗的你唷～

此職缺的職務內容有：

• 收集需求和業務流程知識，以便將資料轉換為方式，以滿足最終用戶的需求。","台北市信義區","無薪資資訊","=HYPERLINK(""http:////www.104.com.tw/job/758vi?jobsource=n_my104_search"")"
"資料工程專業人員(資料工程部)","國泰綜合證券股份有限公司","實務應用
5. 協助企劃、行銷團隊進行數據分析

【需求條件】
1. 資訊工程、資訊管理、財稅金融相關科系畢或具備程式開發工作經驗
2. 具T-SQL語法及Stored Procedure開發經驗 
3. 有開發C#或ASP.Net、Python等","台北市大安區","無薪資資訊","=HYPERLINK(""http:////www.104.com.tw/job/6vb99?jobsource=n_my104_search"")"
"【研究發展處】Big Data Engineer 資料工程師 / Senior Big Data Engineer 資深資料工程師","現觀科技股份有限公司","Dashboard Visualization，並與產品開發團隊進行資料探勘及研究。

[工作內容]
1.開發大數據系統資料處理平台
2.串流資料平行處理程序開發,熟悉分散式運算,平行運算
3.解決大量資料處理時所衍生的效能,擴充與維護維運資料庫","台北市中山區","無薪資資訊","=HYPERLINK(""http:////www.104.com.tw/job/7bdqr?jobsource=n_my104_search"")"
"網路助理工程師★火熱招募中★年終獎金等優厚完善的福利★","文德福網絡服務有限公司","1. 電腦系統軟硬體設備安裝。
2. 資訊系統和設備相關維護。
3. 資訊問題判斷與異常排除。
4. 其他主管交辦事項。
","台北市中山區","月薪30,000~40,000元","=HYPERLINK(""http:////www.104.com.tw/job/6kv9h?jobsource=hotjob_chr"")"
"JAVA 資深工程師","捷鵬國際股份有限公司","1.負責資訊系統之程式開發、單元測試撰寫、功能測試
2.負責資料庫程式開發與維護
3.負責系統開發相關文件撰寫
4.負責系統維護管理與功能更新
5.負責程式資安議題處理及修正
6.新技術構建評估及導入
","台北市大安區","月薪50,000~80,000元","=HYPERLINK(""http:////www.104.com.tw/job/8etcj?jobsource=hotjob_chr"")"
"ETL資料工程師","緯德科技股份有限公司 (TechLink Corporation)","- 熟悉資料庫之SQL語法執行ETL資料轉換作業(ETL Job Developing、IBM DataStage、Informatica PowerCenter、Microsoft SSIS、Trinity)實務經驗1年以上。
- 熟悉資料庫安","台北市松山區","無薪資資訊","=HYPERLINK(""http:////www.104.com.tw/job/5e9ei?jobsource=n_my104_search"")"
"EBS 財務系統暨資料倉儲工程師","三井住友海上集團_明台產物保險股份有限公司_數位科技處","1.各項資料蒐集、盤點與管理，持續優化資料品質並執行改善計畫。
2.資料倉儲ETL設計、開發與維護，改善ETL效能並依各營運需求建立DM。
3.針對各類資料應用場景，與使用者進行需求訪談、系統分析與程式開發。
4. 參與新專案資料架構、分析與執行","台北市松山區","無薪資資訊","=HYPERLINK(""http:////www.104.com.tw/job/7tise?jobsource=n_my104_search"")"
"軟體工程師_數據工程師ETL_101D","金財通商務科技服務股份有限公司","
1.資料數據 ETL 流程規劃、開發與維護。
2.配合公司專案需求至客戶端駐點服務。

【其他】
1.對於工作具有熱情，且性情穩定並願意配合專案時程投入者。
2.學習能力強、能主動發現問題並尋求最佳解決方案。
3.樂於溝通與分享、優良的團隊合作者。","台北市松山區","月薪30,000元以上","=HYPERLINK(""http:////www.104.com.tw/job/718kr?jobsource=n_my104_search"")"
"ETL 工程師 (PS2A0)","資拓宏宇國際股份有限公司","績效獎金系統開發

1.熟悉MS SQL的操作
2.熟悉TSQL語法
3.熟悉ETL工具(會Trinity、Greenplum尤佳)
4.熟悉Git使用方式
5.邏輯推理能力良好
6.具有資料分析經驗、細心、負責","台北市內湖區","無薪資資訊","=HYPERLINK(""http:////www.104.com.tw/job/8erqb?jobsource=n_my104_search"")"
"資料工程師(資訊策略發展部)_I00017395","國泰綜合證券股份有限公司","【工作內容】
1. 負責Hadoop、Spark相關數據湖open source維運以及優化
2. 數據分析、應用之相關程式(Python)開發
3. 負責Airflow維運
4. ETL數據清洗與數據模型程式維運與開發
5. 資料庫規劃、設計及","台北市大安區","無薪資資訊","=HYPERLINK(""http:////www.104.com.tw/job/8cmdl?jobsource=n_my104_search"")"
"資料工程師 / 數據服務架構師","玉山綜合證券股份有限公司","1. 資料倉儲管理與數據中心建置與管理
2. 負責資料蒐集及處理各項數據、資料建模、ETL 流程設計及演算法開發
3. 運用常見的 ML 或是 AI 演算法建立行銷、風險管理和流程自動化等應用服務
4. 進行數據應用與串接之需求訪談
5. 營運事","台北市松山區","月薪35,000~40,000元","=HYPERLINK(""http:////www.104.com.tw/job/889qn?jobsource=n_my104_search"")"
"DataStage ETL 數據工程師","一騰資訊服務股份有限公司"," 熟悉Python語法
4. 具備Teradata或其他資料倉儲管理及開發經驗
5. 具備ETL邏輯梳理、規劃、及文件產出能力","台北市信義區","無薪資資訊","=HYPERLINK(""http:////www.104.com.tw/job/80o7m?jobsource=n_my104_search"")"
"【數位驅動】資料科學工程師_ 數據管理_I00003122","國泰世華商業銀行股份有限公司_人力資源部","【主要職責 Who we are looking for】 
負責企業資料倉儲之數據管理，包含 : 資料市集設計、海內外倉儲ETL批次之開發/維運/監控、倉儲相關數據整合加值運用與分析，提供高品質與有價值的資料分析應用。 
【職務說明 What","台北市信義區","無薪資資訊","=HYPERLINK(""http:////www.104.com.tw/job/89ofn?jobsource=n_my104_search"")"
"資料工程師 Data Engineer","果實夥伴股份有限公司","【工作內容 】
-  ETL 之開發、處理(資料清理、儲存、分析)與監測
- 開發與設計專案所需 API 服務並與後端工程師合作，完成系統產品化程序
- 依據不同業務需求，完成建置/維運/更新各式 Data infra 的需求
- 與數據產品管理","台北市內湖區","無薪資資訊","=HYPERLINK(""http:////www.104.com.tw/job/7dpwf?jobsource=n_my104_search"")"
"《台北中山》資料工程師","敦謙國際智能科技股份有限公司","• 營運策略系統 (RMS)
• 定價採集，多平台房源定價的抓取和分析工作，建立資料數據。
• 定價分析，善用資料探勘技術，分類分群並歸納出定價策略。
• 定價建議，根據數據透過機器學習，協助旅宿決定房間最佳定價。
• 建模預測，根據歷史銷售資料","台北市中山區","月薪42,000~90,000元","=HYPERLINK(""http:////www.104.com.tw/job/7b120?jobsource=n_my104_search"")"
"資料工程師","云智資訊股份有限公司","1. 3年以上 ETL 相關經驗。
2. 熟悉SQL語法、ETL(會Trinity、Greenplum尤佳)。
3. 具有資料分析經驗、細心、負責。
4. 溝通能力良好，可與 SA/PM 或其他 PG 協力合作。","台北市松山區","無薪資資訊","=HYPERLINK(""http:////www.104.com.tw/job/7ihuk?jobsource=n_my104_search"")"
"資料分析工程師 Analytics Engineer (Data) [RD]","酷遊天股份有限公司","財務等。
 

【我們期待你具備】
1. 具備 2 年以上在資料領域擔任資料分析師、資料工程師或同等職位。
2. 能直接面對需求單位，具備細心、耐心、清晰的邏輯思維與簡報能力。
3. 熟悉 Python/SQL 開發資料操作與分析程式能力，並具有","台北市內湖區","無薪資資訊","=HYPERLINK(""http:////www.104.com.tw/job/8aott?jobsource=n_my104_search"")"
"資料工程師","圖靈數位股份有限公司","行銷判讀，運營，轉化方面的戰略支持與技術方法。成員大多是技術工程師組成，協助客戶收集有用的數據，了解數據，利用數據。

目前是 Google Marketing Platform、Mixpanel、AB Tasty 認證合作夥伴。

公司福利：
・","台北市中正區","無薪資資訊","=HYPERLINK(""http:////www.104.com.tw/job/7v0e3?jobsource=n_my104_search"")"
"【數據】(資深)資料工程師 / (Senior) Data Engineer","LINE GO_觔斗雲聯網科技股份有限公司","
- 與資料分析師、資料科學家合作共同打造數據產品，進行模型自動化與架構設計，確保模型部署與應用
- 協助撰寫數據架構與相關文件
- 其他主管交辦事項

【如果你符合這個職位，我相信】
1.你是位對數據不視為理所當然、勇於自主學習與分享並喜愛接受挑","台北市松山區","無薪資資訊","=HYPERLINK(""http:////www.104.com.tw/job/8a7ai?jobsource=n_my104_search"")"
"資料倉儲專案主管(內湖總公司)","昇恒昌股份有限公司","1.主導數據倉儲改建專案及專案管理
2.Data Warehouse之導入、建置、管理
3.具有ETL、Data model設計能力
4.具有Teradata經驗者佳
5.跨部門溝通數據相關事務","台北市內湖區","無薪資資訊","=HYPERLINK(""http:////www.104.com.tw/job/8excp?jobsource=n_my104_search"")"
"[LAC] Data Engineer_資料工程師","LAC(保健食品領導品牌)_新加坡商利維喜開發股份有限公司台灣分公司","1. 與各需求單位進行訪談，釐清問題，並且及時有效、準確的產生各種需求報告
2. 根據會員和銷售資料庫，提供數據驅動的報告
3. 其他主管交辦事宜
","台北市中山區","無薪資資訊","=HYPERLINK(""http:////www.104.com.tw/job/8315o?jobsource=n_my104_search"")"
"資料工程師(Data Integration Engineer)","鑫享科技有限公司","我們正在尋找一位對數據領域有熱情的資料整合工程師，加入我們的團隊。
此職位將負責設計、開發和維護數據整合解決方案，確保公司數據的有效整合和應用。

主要職責：
1. 設計和實施數據整合架構和流程，以確保數據從不同來源的有效收集、轉換和加載（ETL","台北市松山區","無薪資資訊","=HYPERLINK(""http:////www.104.com.tw/job/8cq87?jobsource=n_my104_search"")"
"數據ETL/資料分析師","昇恒昌股份有限公司","工作內容:
1 設計和建立資料分析報告和資料儀表板，
2.提供資訊視覺化及說明分析。
3.運用統計概念與資料驅動思維，收集和清理各類型資料，並設計資料分析方法，建立相關資料應用。
4.跨系統資料梳理及資料倉儲整合(ETL)應用(SSIS、","台北市內湖區","月薪40,000元以上","=HYPERLINK(""http:////www.104.com.tw/job/878sb?jobsource=n_my104_search"")"
"資料工程師-情報系統二team【全家便利商店關係企業】","精藤股份有限公司","

職務內容如下：
1.	管理／維運數據中台，負責數據的蒐集、交換、儲存、清理，執行ETL作業，把關資料正確性與品質。
2.	製作BI儀錶板，供使用者檢視經營指標。
3.	協助建置數據治理環境與制度。
4.	配合資料分析相關作業，並對需求者簡報。
5.","台北市中山區","無薪資資訊","=HYPERLINK(""http:////www.104.com.tw/job/84xyg?jobsource=n_my104_search"")"
"軟體助理工程師","博格科技股份有限公司","本公司為台灣企業流程軟體領導品牌，擁有上百家成功案例，服務客戶為80%以上之上市櫃公司。因應應用市場的成長，擴大招募銷售服務的團隊，希望有興趣在企業軟體產業發展的伙伴加入。
主要工作內容下:
1.人格特質：反應靈敏機伶、主動積極勤快、高EQ、學習力強、細心
2.在主管帶領下進行軟體協同表單開發撰寫
 (1).前端網頁以Html5、JQuery應用為主。
 (2).後端網頁以MVC、 .Net c#、SQL Server應用為主 。 
3.資訊相關科系畢業、 需有 C# 及 MS SQL 基礎","台北市大安區","月薪32,000~35,000元","=HYPERLINK(""http:////www.104.com.tw/job/54z7k?jobsource=hotjob_chr"")"
"PLSQL ETL工程師","一騰資訊服務股份有限公司","【職務需求】
1. PLSQL程式能力
2. 具備ETL概念及熟悉SQL語法

【工作內容】
1. 開發文件撰寫
2. 程式開發
3. 主管交付事宜

【在這裡你可以】
● 參與銀行系統專案，踏入金融產業的好跳板，獲得更多銀行微服務業務邏輯的經驗","台北市信義區","無薪資資訊","=HYPERLINK(""http:////www.104.com.tw/job/87wai?jobsource=n_my104_search"")"
"數據工程師","中國化學製藥股份有限公司","1.數據處理 - 建立資料倉儲、資料湖，ETL 工具與流程 
2.數據串接 - 協助串接內外部資料，應用資料 
3.系統優化 - 程式碼與文件維護、效能優化
~熟悉視覺化軟體如 Tableau, Power BI 者加分~

","台北市中正區","無薪資資訊","=HYPERLINK(""http:////www.104.com.tw/job/8a8zz?jobsource=n_my104_search"")"
"【ETL】數據工程師","綠色遊戲有限公司","1、參與資料庫的設計和實施工作； 
2、負責專案中資料處理相關的大量腳本開發與報表開發工作；
3、負責測試、投產以及投產演練過程中的資料移轉工作。","台北市大安區","年薪600,000~1,800,000元","=HYPERLINK(""http:////www.104.com.tw/job/8cuxs?jobsource=n_my104_search"")"
"FinTech資料工程師(台北)【BU68-FHA】","敦陽科技股份有限公司","1. 國際FinTech金融科技軟體系統的導入建置、測試及維護
2. 與國外軟體工程師共同解決軟體系統相關問題
3. 金融系統整合之客製化軟體開發，例如：數據資料處理、AI模型建置
4. FinTech金融科技技術、產品研究，例如：洗錢防制(","台北市內湖區","月薪30,000~70,000元","=HYPERLINK(""http:////www.104.com.tw/job/4bs41?jobsource=n_my104_search"")"
"資料工程師 (Data Engineer)_資訊部","樂天國際商業銀行股份有限公司","主要工作內容：

1.     善於溝通，須因應資料應用場景，進行需求訪談、系統分析與程式開發
2.     熟悉ODS資料管理機制及數據分析
3.     主要負責資料庫之SQL相關程式開發/維護與SmarQuery報表需求分析、開發
4.","台北市北投區","無薪資資訊","=HYPERLINK(""http:////www.104.com.tw/job/719na?jobsource=n_my104_search"")"
"數據工程師Data Engineer","統一資訊股份有限公司","效能精進有興趣之人才，與我們攜手打造貼近客戶運用之數據服務。

【工作內容】
1. 熟悉資料倉儲與數據湖概念，進行數據清洗、資料整備等相關數據轉換與整合。
2. 熟悉數據工程的ETL流程，處理數據開發、自動化、測試、監控、佈署等相關技術解決方案。","台北市內湖區","無薪資資訊","=HYPERLINK(""http:////www.104.com.tw/job/4bma8?jobsource=n_my104_search"")"
"【資訊部】資料工程師(Data Engineer)","台灣知識庫股份有限公司","1.負責數據管理，ETL流程規劃，以及資料分析所需之數據源預處理。
2.處理及挑戰Data相關工程問題，包括建立data pipeline、探勘收集處理。
3.管理數據庫（資料表日常維護及更新）、資料提取、資料倉儲。
4.建立自動化工具和腳本，簡","台北市中正區","月薪40,000~45,000元","=HYPERLINK(""http:////www.104.com.tw/job/7ck9p?jobsource=n_my104_search"")"
"戰情指揮中心(BI)副主任/高級工程師《數名》(總公司)","中華工程股份有限公司","優化經驗；ETL流程自動化開規劃開發。
4.在MySQL or SQL Server、Ubuntu、FineReport作業環境下進行資訊系統開發。
5.有土木背景及相關工作經驗者尤佳。
6.其他主管交辦事項 (如時程、品質及成本)。","台北市松山區","無薪資資訊","=HYPERLINK(""http:////www.104.com.tw/job/841dd?jobsource=n_my104_search"")"
"DataStage ETL 數據工程師","皇霖實業股份有限公司","1. 因應業務需求支援各類型來源資料串接、資料處理，完善資料倉儲
3. 資料 ETL 流程自動化規劃、設計、開發與監控維護
4. 資料品質之監控與管理，及對應機制的建立
5. 熟悉使用 Infosphere Datastage & Control","台北市內湖區","無薪資資訊","=HYPERLINK(""http:////www.104.com.tw/job/89hvj?jobsource=n_my104_search"")"
"資深資料維運工程師 (總公司)","新安東京海上產物保險股份有限公司","1、資料倉儲需求訪談、架構規劃、開發與維運。
2、資料整合平台建置、開發與維運。
3、資料擷取及處理ETL開發及維運。
4、視覺化報表、互動分析式報表系統開發及維運。
5、主管臨時交辦事項。
6、不需銷售保險。","台北市中山區","無薪資資訊","=HYPERLINK(""http:////www.104.com.tw/job/7xwf2?jobsource=n_my104_search"")"
"資料助理工程師","廣晉軟體股份有限公司","
需要條件：
1.具SQL基本能力
2.資管相關科系【應屆畢可、具高度學習意願】

主要工作內容：
1.各項資料盤點與蒐集，並分析其資料流程。
2.資料倉儲 ETL 流程規劃、設計
3.資料品質之監控與管理，及對應機制的建立
4.需求分析、溝通、","台北市內湖區","月薪32,000~38,000元","=HYPERLINK(""http:////www.104.com.tw/job/8761m?jobsource=n_my104_search"")"
"[ Python ] Senior Data Engineer 資料工程師  #Data & AI  #ACT台灣敏捷大賞獎2024","炬識科技股份有限公司"," Streaming Platform 等。
- 有 ETL 或資料分析案之專案經驗。
- 樂於與團隊互動、與客戶合作，並回應變化，願意了解客戶產業的領域知識以開發可用的軟體。
- 認同溝通的雙向性，職務內所需之訊息主動聽取、提出必要問題以正確理解，不依靠","台北市中山區","無薪資資訊","=HYPERLINK(""http:////www.104.com.tw/job/7kabt?jobsource=n_my104_search"")"
"資料工程師","翰霖科技資訊股份有限公司","【必要技能】

☑️ 負責TeraData資料庫遷移
☑️ 具備系統設計經驗3年以上經驗
☑️ 具備系統流程整合能力 MS Synapse、SQL server procedure 
☑️ 具備1年系統流程整合能力Azure資料管線開發經驗
☑️","台北市中正區","無薪資資訊","=HYPERLINK(""http:////www.104.com.tw/job/8csqc?jobsource=n_my104_search"")"
"資深數據分析師 【ETL數據分析師 】","邁達特數位股份有限公司","1.數據收集、盤點與管理。
2.數據ETL開發、測試與維護。
3.利用ETL工具或T-SQL或Stored Procedure開發。
4.因應客戶需求進行資料倉儲/資料超市設計與規劃。



","台北市內湖區","無薪資資訊","=HYPERLINK(""http:////www.104.com.tw/job/7oyn3?jobsource=n_my104_search"")"
"資料工程師","普匯金融科技股份有限公司","式語言，能撰寫stored procedure程序，SQL校能調校。
2. 熟ETL工具運用，懂Talend工具佳。
3. 懂E-R model，熟SQL語法，了解程式端ORM建模。
4. 知悉MongoDB，懂json及XML結構，能做資料清洗及","台北市中山區","無薪資資訊","=HYPERLINK(""http:////www.104.com.tw/job/682xq?jobsource=n_my104_search"")"
"I107 資料分析/數據工程師(可遠端工作)","台灣大哥大股份有限公司","角度思考，提出各種可行的方案

A.	資料工程：
	■負責資料擷取及處理之ETL開發及維運
	■負責通路報表系統優化
	■通路業績日月報相關需求開發與維運
	■雲端通路即時戰報相關需求開發與維運

B.	資料分析：
	■負責數據資安產品開發
	■負","台北市大安區","月薪34,000~60,000元","=HYPERLINK(""http:////www.104.com.tw/job/7osnc?jobsource=n_my104_search"")"
"【管理服務中心】資料工程師","中華海洋生技股份有限公司","1.	設計、開發、維護和管理大量資料的數據倉儲及視覺化報表，以支援業務需求。
2.	資料倉儲程式開發與建置，包括企業邏輯資料處理、數據清洗等
3.	其他主管交辦事項
4.	整合不同來源的資料
5.	協助提高資料質量，並確保資料安全
6.	參與公司","台北市松山區","無薪資資訊","=HYPERLINK(""http:////www.104.com.tw/job/7n6u2?jobsource=n_my104_search"")"
"數據工程師 【資料分析應用處】","邁達特數位股份有限公司","1.	因應客戶需求進行資料倉儲/資料超市設計與規劃。
2.	數據收集、盤點與管理。
3.	資料庫效能調教。
4.	數據ETL開發、測試與維護。
5.	利用ETL工具或T-SQL或Stored Procedure開發。

","台北市內湖區","無薪資資訊","=HYPERLINK(""http:////www.104.com.tw/job/82jky?jobsource=n_my104_search"")"
"資料工程師","關貿網路股份有限公司","1.Hadoop-based應用系統開發維護及專案支援。
2.巨量資料處理及ETL架構規劃及開發。
3.熟悉java，會R或Python撰寫分析演算法程式尤佳。","台北市南港區","無薪資資訊","=HYPERLINK(""http:////www.104.com.tw/job/4ftgq?jobsource=n_my104_search"")"
"台灣總部 - DTS Data Engineer (資料工程師)","必勝客Pizza Hut/肯德基KFC_富利餐飲股份有限公司"," efficiency.
開發：建立、維護及優化資料管道和資料庫。確保資料品質和效率。
•	Maintenance: Monitor data systems, perform backups, and keep databases up-to-","台北市中山區","無薪資資訊","=HYPERLINK(""http:////www.104.com.tw/job/899dl?jobsource=n_my104_search"")"
"【數位驅動】資料科學工程師_數據應用 (數數發中心, DDT)_I00014665","國泰世華商業銀行股份有限公司_人力資源部","【主要職責 Who we are looking for】 
負責企業資料倉儲及數據應用平台之建置/開發/管理。 

【主要職責 Who we are looking for】 
負責企業資料倉儲及數據應用平台之建置/開發/管理。 

【職務說明","台北市信義區","無薪資資訊","=HYPERLINK(""http:////www.104.com.tw/job/8a39r?jobsource=n_my104_search"")"
"策略發展_數據智能人員","O-Bank_王道商業銀行股份有限公司","1.執行本行數據治理應用發展策略行動計畫，以數據科技為核心驅動各業務場景轉型升級。
2.協助並促進跨單位數據應用合作，有效運用合作成效發揮數據影響力。
3.協助規劃、整合及打造高效大數據智能平台，持續強化穩定發展之數據工程基石。
4.數據科技平台","台北市內湖區","無薪資資訊","=HYPERLINK(""http:////www.104.com.tw/job/8c88n?jobsource=n_my104_search"")"
"資料庫工程師","聯邦網通科技股份有限公司","1.資料倉儲、資料分析萃取應用、ETL資料轉換、批次系統維運
2.資料庫管理、監控、維護

*具備基礎計算機結構概念，有資料庫、程式設計能力者佳","台北市內湖區","月薪33,000元以上","=HYPERLINK(""http:////www.104.com.tw/job/8dp7f?jobsource=n_my104_search"")"
"數據工程師 【資料分析應用處】","邁達特數位股份有限公司","1.	因應客戶需求進行資料倉儲/資料超市設計與規劃。
2.	數據收集、盤點與管理。
3.	資料庫效能調教。
4.	數據ETL開發、測試與維護。
5.	利用ETL工具或T-SQL或Stored Procedure開發。

","台北市內湖區","無薪資資訊","=HYPERLINK(""http:////www.104.com.tw/job/82jky?jobsource=n_my104_search"")"
"資料工程師","關貿網路股份有限公司","1.Hadoop-based應用系統開發維護及專案支援。
2.巨量資料處理及ETL架構規劃及開發。
3.熟悉java，會R或Python撰寫分析演算法程式尤佳。","台北市南港區","無薪資資訊","=HYPERLINK(""http:////www.104.com.tw/job/4ftgq?jobsource=n_my104_search"")"
"【顧問部】資料應用架構設計師、資料整合開發工程師 (SD/PG)-318B","KPMG_安侯建業聯合會計師事務所","1. 參與金融業風險管理相關系統開發
2. 協助進行資料倉儲、資料市集、資料應用模型規劃與建置
3. 協助執行各項金融主題大數據分析與儀表板建置
","台北市信義區","無薪資資訊","=HYPERLINK(""http:////www.104.com.tw/job/1x7w9?jobsource=n_my104_search"")"
"資深資料工程師","緯來電視網股份有限公司","1. 依據業務需求建立、管理以及維運資料庫 (關聯資料庫或非關聯資料庫)。
2. 建立、維運以及持續優化所需的data pipeline。
3. 確保所有數據生命週期階段數據完整性和品質。","台北市內湖區","無薪資資訊","=HYPERLINK(""http:////www.104.com.tw/job/8b6h3?jobsource=n_my104_search"")"
"資深後端軟體工程師","滾石移動股份有限公司","(1)依業務/PM需求開發應用軟體, 維護Qport及CMS系統，並持續優化並增加功能及串接平台服務
(2)管理資料庫/資料倉儲,與數據工程師合作, 搭建巨量數據資料分析與應用服務
(3)熟悉並掌握 AWS 服務/架構, 應用於 Backend","台北市內湖區","無薪資資訊","=HYPERLINK(""http:////www.104.com.tw/job/8acu0?jobsource=n_my104_search"")"
"數據倉儲工程師（DW Engineer）","拍付國際資訊股份有限公司","【工作職責】
- 設計、開發及維護ETL流程，以確保數據的準確性和一致性。
- 撰寫及優化存儲程序，以提高數據處理效率。
- 分析和理解業務需求，並將其轉化為數據解決方案。
- 負責數據的生成和報表的製作。
- 確保數據倉儲系統的性能和穩定性，並","台北市大安區","無薪資資訊","=HYPERLINK(""http:////www.104.com.tw/job/8ekcp?jobsource=n_my104_search"")"
"【金融科技】資料工程師 Data Engineer(經驗行員)","玉山銀行_玉山商業銀行股份有限公司","1.建置與優化巨量結構化資料、半結構、非結構化資料的資料管線
2.建置不同類型的 data infra/pipeline，並設計部署策略、監控機制，以確保服務穩定性
3.評估與導入 modern data stack，用以解決以下問題：data","台北市松山區","無薪資資訊","=HYPERLINK(""http:////www.104.com.tw/job/7tqhz?jobsource=n_my104_search"")"
"調查研究專題中心-資料工程師","中央研究院_人文社會科學研究中心","參與跨媒體影像辨識、自然語言處理、機器學習等相關技術，並結合問卷調查資料分析，研究重要社會議題。

1. 爬蟲程式開發與維護。
2. 資料處理（以Pandas為主，並熟悉各類檔案、資料庫資料存取）。
3. 資料分析（可重現相關研究分析，並改動、客","台北市南港區","月薪37,240元以上","=HYPERLINK(""http:////www.104.com.tw/job/8cywt?jobsource=n_my104_search"")"
"後端軟體工程師","滾石移動股份有限公司","(1)依業務/PM需求開發應用軟體, 維護Qport及CMS系統，並持續優化並增加功能及串接平台服務
(2)管理資料庫/資料倉儲,與數據工程師合作, 搭建大數據資料分析與應用服務
(3)熟悉並掌握 AWS 服務/架構, 應用於 Backend 服","台北市內湖區","無薪資資訊","=HYPERLINK(""http:////www.104.com.tw/job/8a4tl?jobsource=n_my104_search"")"
"資料工程師(台北地區)","福能股份有限公司","1. 分析和組織原始數據
2. 構建數據系統和管道
3. 評估業務需求和目標
4. 進行複雜的數據分析並報告結果
5. 為規範性和預測性建模準備數據
6. 結合不同來源的原始信息
7. 探索提高數據質量和可靠性的方法
8. 在多個項目中與數據科學家和架構師合作 
","台北市松山區","無薪資資訊","=HYPERLINK(""http:////www.104.com.tw/job/7r15r?jobsource=n_my104_search"")"
"【顧問部】顧問師/高級顧問師/副理(資料工程顧問)-317317","KPMG_安侯建業聯合會計師事務所","1.協助客戶進行需求分析、外部數據整合應用、資料清理設計與商業分析(BI)規劃
2.協助客戶進行資料市集(Data Mart)規劃、資料清理(ETL)程式開發與商業智慧(BI)建置","台北市信義區","無薪資資訊","=HYPERLINK(""http:////www.104.com.tw/job/6zvmn?jobsource=n_my104_search"")"
"Data Engineer/資料工程師（歡迎新鮮人和應屆畢業生投遞~）","宏虹電子科技有限公司","你正在尋找一個充滿創新和彈性並提供高額薪酬的工作環境嗎？ 宏虹以靈活而包容的文化聞名，作為一家追求技術卓越的技術顧問公司 我們鼓勵團隊成員通過最新技術來協助客戶面對全球性挑戰
作為資料工程師，你將帶著資料庫管理與開發的專業知識，根據客戶需求開發和","台北市中山區","月薪65,000元以上","=HYPERLINK(""http:////www.104.com.tw/job/7wgle?jobsource=n_my104_search"")"
"SQL資料庫工程師(SL001)","祐安資訊有限公司",")、 Microsoft Azure (Azure)任一即可
+++ 熟悉敏捷式開發(Agile)，有採用 Scrum 實戰專案經驗
+++ 具備 ETL開發工具(Informatica PowerCenter 或 IBM Datastage)","台北市松山區","無薪資資訊","=HYPERLINK(""http:////www.104.com.tw/job/6709q?jobsource=n_my104_search"")"
"資訊處-數據工程師","永豐商業銀行股份有限公司","1. 資料倉儲及ETL維運營及監控，包含各式問題排解及簡化監控方式
2. 數據平台資料導入的自動化流程設計及開發
3. 建立ETL Server與上下游各系統的串接管道
4. ETL相關SQL撰寫
5. 大數據應用開發測試驗證
6. 系統日常維運","台北市松山區","月薪38,000元以上","=HYPERLINK(""http:////www.104.com.tw/job/87gr6?jobsource=n_my104_search"")"
"(ETL) Informatica Developer 開發工程師","華威數位財金科技股份有限公司","- 專案駐點開發 ETL  軟體工程師  
- 金融產業 因應資安問題 軟體開發需在客戶端進行 (駐點)
- 工作地點 台北 1O1
------(相關技能)------
•Bachelor’s degree in computer","台北市信義區","月薪40,000~90,000元","=HYPERLINK(""http:////www.104.com.tw/job/7p3tl?jobsource=n_my104_search"")"
"數據工程師","滾石移動股份有限公司","(1)負責資料管理 ETL 流程規劃, 與視覺化工具(BI)所需之數據源預先處理
(2)處理及挑戰 Data 相關工程問題，包含建立 data pipeline、探勘收集處理
(3)管理資料庫(資料表日常維運及更新)/資料撈取/資料倉儲
(4)與","台北市內湖區","無薪資資訊","=HYPERLINK(""http:////www.104.com.tw/job/86djh?jobsource=n_my104_search"")"
"資深 ETL 程式設計師","志弘資訊股份有限公司","使用ETL 工具，如: SSIS 、 Informatica PowerCenter，開發資料處理程式。","台北市大同區","月薪40,000~50,000元","=HYPERLINK(""http:////www.104.com.tw/job/7i5kv?jobsource=n_my104_search"")"
"操作界面軟體工程師","開創水資源科技股份有限公司","儀器操作界面設計
監測儀表板
參數設定
警報訊息
資料分析
Windows系統應用軟體
IOS 及 安卓系統 App軟體
","台北市內湖區","月薪55,000~65,000元","=HYPERLINK(""http:////www.104.com.tw/job/6spzg?jobsource=hotjob_chr"")"
"Data Architect 數據架構師","鑫享科技有限公司"," candidate will have extensive experience in ETL processes, data modeling, and data governance. You will work closely with","台北市松山區","無薪資資訊","=HYPERLINK(""http:////www.104.com.tw/job/8ey1p?jobsource=n_my104_search"")"
"後端軟體工程師","滾石移動股份有限公司","(1)依業務/PM需求開發應用軟體, 維護Qport及CMS系統，並持續優化並增加功能及串接平台服務
(2)管理資料庫/資料倉儲,與數據工程師合作, 搭建大數據資料分析與應用服務
(3)熟悉並掌握 AWS 服務/架構, 應用於 Backend 服","台北市內湖區","無薪資資訊","=HYPERLINK(""http:////www.104.com.tw/job/8a4tl?jobsource=n_my104_search"")"
"資料工程師(台北地區)","福能股份有限公司","1. 分析和組織原始數據
2. 構建數據系統和管道
3. 評估業務需求和目標
4. 進行複雜的數據分析並報告結果
5. 為規範性和預測性建模準備數據
6. 結合不同來源的原始信息
7. 探索提高數據質量和可靠性的方法
8. 在多個項目中與數據科學家和架構師合作 
","台北市松山區","無薪資資訊","=HYPERLINK(""http:////www.104.com.tw/job/7r15r?jobsource=n_my104_search"")"
"[台北總公司] 系統工程師","藥華醫藥股份有限公司","資料視覺化及建立模型專業能力
3.	資料倉儲維護與優化、內外部資料整合及收集、資料庫預存程序(Tableau Prep)管理
4.	Python 程式開發
5.	其他主管交辦事項
","台北市南港區","無薪資資訊","=HYPERLINK(""http:////www.104.com.tw/job/88bw8?jobsource=n_my104_search"")"
"資料庫工程師 MySQL","財團法人臺灣海洋保育與漁業永續基金會","專案管理、後端工程師合作，獨立開發規劃、設計及建置開發資料庫。
2. 資料建模、設計評審及 SQL 腳本審核。 
3. 規劃及執行資料備援及回復計畫。
4. 設計及建置資料庫 HA 及災難復原計畫。 
5. 管理及監控資料庫效能，針對相關參數、","台北市中正區","月薪43,000~58,000元","=HYPERLINK(""http:////www.104.com.tw/job/7wcee?jobsource=n_my104_search"")"
"RD20100 Data Engineer 數據工程師","華碩電腦股份有限公司","1. 負責數據建模,資料倉儲,BI系統開發維運發                            
2. 設計與開發ETL程式                            
3. 負責Big Data分析處理","台北市北投區","無薪資資訊","=HYPERLINK(""http:////www.104.com.tw/job/7ba34?jobsource=n_my104_search"")"
"【顧問部】顧問師/高級顧問師/副理(資料工程顧問)-317317","KPMG_安侯建業聯合會計師事務所","1.協助客戶進行需求分析、外部數據整合應用、資料清理設計與商業分析(BI)規劃
2.協助客戶進行資料市集(Data Mart)規劃、資料清理(ETL)程式開發與商業智慧(BI)建置","台北市信義區","無薪資資訊","=HYPERLINK(""http:////www.104.com.tw/job/6zvmn?jobsource=n_my104_search"")"
"Data Engineer/資料工程師（歡迎新鮮人和應屆畢業生投遞~）","宏虹電子科技有限公司","你正在尋找一個充滿創新和彈性並提供高額薪酬的工作環境嗎？ 宏虹以靈活而包容的文化聞名，作為一家追求技術卓越的技術顧問公司 我們鼓勵團隊成員通過最新技術來協助客戶面對全球性挑戰
作為資料工程師，你將帶著資料庫管理與開發的專業知識，根據客戶需求開發和","台北市中山區","月薪65,000元以上","=HYPERLINK(""http:////www.104.com.tw/job/7wgle?jobsource=n_my104_search"")"
"【數位驅動】資料科學工程師_Data (數數發中心，DDT)_I00011494","國泰世華商業銀行股份有限公司_人力資源部","1. Hive資料市集設計、開發、管理維護
2. ETL 問題追蹤與管理
3. 資料處理與整合
4. 用資料導向概念提升各類業務，並導入系統以加強各項資料應用
5. 協助資料研究及分析過程中需要的資料處理
6. 導檔排程優化/維運
7. 協助導檔","台北市信義區","無薪資資訊","=HYPERLINK(""http:////www.104.com.tw/job/87176?jobsource=n_my104_search"")"
"數據管理大師【DBA資料庫工程師】SQL Server","寶碩財務科技股份有限公司","▼FinTech使金融服務變得更有效率，金融生態變革正在進行▼
寶碩是一間致力於金融資訊服務的科技公司，主要提供即時、完整的金融系統，在融合財工知識及創新研發能量下，發展出多項智財專利權的產品。因應全球綠能發展趨勢，寶碩集團以財務工程專業領域為基","台北市內湖區","無薪資資訊","=HYPERLINK(""http:////www.104.com.tw/job/8a5sf?jobsource=n_my104_search"")"
"資訊處-數據工程師","永豐商業銀行股份有限公司","1. 資料倉儲及ETL維運營及監控，包含各式問題排解及簡化監控方式
2. 數據平台資料導入的自動化流程設計及開發
3. 建立ETL Server與上下游各系統的串接管道
4. ETL相關SQL撰寫
5. 大數據應用開發測試驗證
6. 系統日常維運","台北市松山區","月薪38,000元以上","=HYPERLINK(""http:////www.104.com.tw/job/87gr6?jobsource=n_my104_search"")"
"Application Engineer(ETL, Scheduling, BI, WMS)","台灣資生堂股份有限公司"," experience as a data analyst or engineer in the data/ETL
-	Hands-on experience in writing complex SQL queries and stored","台北市大安區","無薪資資訊","=HYPERLINK(""http:////www.104.com.tw/job/8eup1?jobsource=n_my104_search"")"
"Data Engineer","睿控網安股份有限公司","我們正在尋找一位資料工程師，該職位將負責設計和構建資料管道和資料基礎設施，支持公司各種資料分析和財務預測項目的順利進行。您將與資料分析師合作，確保資料的準確性、一致性和高效處理。

職責：
1.	資料集成與ETL流程
	- 設計和實施ETL（提取","台北市信義區","無薪資資訊","=HYPERLINK(""http:////www.104.com.tw/job/8b9pi?jobsource=n_my104_search"")"
"工程資料處理專員(總公司)","安倉營造股份有限公司","1.行政資料處理與歸檔作業。
2.根據需求，協助編寫Excel巨集、VBA。
3.主管交辦事項。","台北市中山區","月薪50,000~60,000元","=HYPERLINK(""http:////www.104.com.tw/job/8dxar?jobsource=n_my104_search"")"
"軟體開發技術經理（RD Leader）","創代科技股份有限公司","⚠️彼此的時間都很寶貴，機會也只有一次，我們想徵的是有野心、有能力、也自律負責的您，加入我們、一同共事。

▋工作內容：
1.	理解全端系統架構，包含：前端、中端資料串接、後端資料庫模組
2.	與資料科學團隊協作，輔助資料工程ETL、Flask","台北市中山區","無薪資資訊","=HYPERLINK(""http:////www.104.com.tw/job/8dtnd?jobsource=n_my104_search"")"
"資料庫工程師","依斯楚互動娛樂股份有限公司","●主要工作內容
1. 管理和維護公司內的MSSQL資料庫，確保其穩定運行
2. 在新項目開始時，參與資料庫的設計、建構和優化
3. 監控資料庫性能，識別並解決潛在的問題，以確保高效率和可靠性
4. 協助團隊成員解決與資料庫相關的技術挑戰

●技能","台北市內湖區","月薪50,000~80,000元","=HYPERLINK(""http:////www.104.com.tw/job/8c60s?jobsource=n_my104_search"")"
"【資訊板塊】資料科學工程師 (數數發中心,DDT)","國泰世華商業銀行股份有限公司_人力資源部","【職務說明 What will you do】
1.數據介接、清洗、處理與數據模型的程式開發
2.網路爬蟲、數據工程 API 程式撰寫
3.與數據分析師合作，進行機器學習、深度學習與統計分析模型的維運化程式開發
4.ETL Pipline 的工具","台北市信義區","無薪資資訊","=HYPERLINK(""http:////www.104.com.tw/job/7veyg?jobsource=n_my104_search"")"
"數據工程師(專案開發)","台北富邦商業銀行股份有限公司","1. 維持數據倉儲ETL Server運營及監控, 包含各式問題排解及簡化監控方式
2. 大數據平台資料導入的自動化流程設計及開發
3. 建立ETL Server與上下游各系統的串接管道","台北市內湖區","無薪資資訊","=HYPERLINK(""http:////www.104.com.tw/job/7p5mj?jobsource=n_my104_search"")"
"Q005Q71_資料分析工程師","神通資訊科技股份有限公司","串接等工作。
4.	研發方向: 特徵工程/機器學習、深度/強化學習等AI分析技術於機械加工產業或土木災防之應用。

※工作待遇：將依學經歷進行敘薪。","台北市內湖區","月薪40,000元以上","=HYPERLINK(""http:////www.104.com.tw/job/8bjdj?jobsource=n_my104_search"")"
